1,Block 2 11
2,Script 2
3,College
4,Varsity
5,Monarch
6,Pride
7,Zero Twos
8,Eagles (Varsity)
9,Lancers (Sports Night NS)
10,Blue Aces (Old English)
11,Knights (Grave Digger)
12,Wolves (Brush Script)
13,Braves (Pointedly Mad)
14,Bulldogs (Memphis TBol)
15,Broncos (Strenuous)
16,Cavaliers (Abaddon)
17,Wildcats (Acklin)
18,Longhorns (Poplar Std Black)
19,Patriots (Bullpen)
20,Rockets (Nasilization)
21,Pirates (Marlboro Regular)
22,Falcons (Red Circle)
23,Cowboys (Frankline Gothic Heavy)
24,Hornets (Arial Rounded Bold)
25,Trojans (ITC Machine)
26,Redskins (Dawn Castle)
27,Cardinals (Benquiat Bold)
28,Monarch (Windsor)
29,Ballentines Bold
30,An Absolute Empire
31,Spartans (NCAA Michigan State Spartans)
33,Cooperblack
34,MLB Tuscan
35,Thirsty Script md
36,Serpentine Bold
37,Spartans
